{
    "macros": [
        "MBEDTLS_USER_CONFIG_FILE=\"mbedTLSConfig_mbedOS.h\"",
        "PAL_USER_DEFINED_CONFIGURATION=\"sotp_fs_config_MbedOS_legacy.h\"",
        "PAL_DEVICE_KEY_DERIVATION_BACKWARD_COMPATIBILITY_CALC=1",
        "MBED_CLOUD_CLIENT_UPDATE_STORAGE=ARM_UCP_FILESYSTEM"
    ],
    "target_overrides": {
        "*": {
            "platform.stdio-baud-rate": 115200,
            "platform.stdio-convert-newlines": true,
            "mbed-client.event-loop-size": 1024,
            "mbed-trace.enable": null,
            "storage-selector.filesystem" : "FAT",
            "storage-selector.mount-point": "\"sd\"",
            "storage-selector.storage"    : "SD_CARD",
            "update-client.storage-address"  : "(1024*1024*64)",
            "update-client.storage-size"     : "(1024*1024*2)",
            "update-client.storage-locations": "1",
            "nanostack-hal.event_loop_thread_stack_size": 8192
        },
        "K64F": {
            "target.mbed_app_start"            : "0x00020400",
            "client_app.sotp-section-1-address"    : "(1016*1024)",
            "client_app.sotp-section-1-size"       : "(   4*1024)",
            "client_app.sotp-section-2-address"    : "(1020*1024)",
            "client_app.sotp-section-2-size"       : "(   4*1024)",
            "update-client.application-details": "(0x00020000)"
        }
    },
    "config": {
        "network-interface": {
            "value": "ETHERNET"
        },
        "developer-mode": {
            "help": "Enable Developer mode to skip Factory enrollment",
            "value": 1
        },
        "button-pinname": {
            "help": "PinName for button.",
            "value": "BUTTON1"
        },
        "led-pinname": {
            "help": "PinName for led, which is attached to led blink resource.",
            "value": "LED_RED"
        }
    }
}
