{
    "macros": [
        "MBEDTLS_USER_CONFIG_FILE=\"mbedTLSConfig_mbedOS.h\"",
        "PAL_USER_DEFINED_CONFIGURATION=\"sotp_fs_config_MbedOS.h\"",
        "ARM_UC_USE_PAL_BLOCKDEVICE=1",
        "MBED_CLOUD_CLIENT_UPDATE_STORAGE=ARM_UCP_FLASHIAP_BLOCKDEVICE"
    ],
    "target_overrides": {
        "*": {
            "drivers.uart-serial-rxbuf-size": 1024,
            "platform.stdio-baud-rate": 115200,
            "platform.stdio-convert-newlines": true,
            "mbed-client.event-loop-size": 1024,
            "mbed-trace.enable": null,
            "storage-selector.filesystem" : "FAT",
            "storage-selector.mount-point": "\"sd\"",
            "storage-selector.storage"    : "SD_CARD",
            "update-client.storage-address"  : "(1024*1024*64)",
            "update-client.storage-size"     : "(1024*1024*2)",
            "update-client.storage-locations": "1",
            "nanostack-hal.event_loop_thread_stack_size": 8192
        },
        "K64F": {
            "target.mbed_app_start"            : "0x0000a400",
            "update-client.bootloader-details" : "0x00007188",
            "update-client.application-details": "(40*1024)"
        },
        "NUCLEO_F429ZI": {
            "target.mbed_app_start"            : "0x08010400",
            "update-client.bootloader-details" : "0x080078CC",
            "update-client.application-details": "(0x08000000+64*1024)"
        },
        "NUCLEO_F401RE": {
            "wifi-tx": "PA_11",
            "wifi-rx": "PA_12"
        },
        "NUCLEO_F411RE": {
            "wifi-tx": "PA_11",
            "wifi-rx": "PA_12"
        }
    },
    "config": {
        "network-interface":{
            "value": "WIFI_ESP8266"
        },
        "wifi-ssid": {
            "help": "WiFi SSID",
            "value": "\"SSID\""
        },
        "wifi-password": {
            "help": "WiFi Password",
            "value": "\"Password\""
        },
        "wifi-tx": {
            "help": "TX pin for serial connection to external device",
            "value": "D1"
        },
        "wifi-rx": {
            "help": "RX pin for serial connection to external device",
            "value": "D0"
        },
        "developer-mode": {
            "help": "Enable Developer mode to skip Factory enrollment",
            "value": 1
        },
        "button-pinname": {
            "help": "PinName for button.",
            "value": "BUTTON1"
        },
        "led-pinname": {
            "help": "PinName for led, which is attached to led blink resource.",
            "value": "LED_RED"
        }
    }
}
