{
    "GCC_ARM": {
        "common": ["-c", "-Wall", "-Wextra",
                   "-Wno-unused-parameter", "-Wno-missing-field-initializers",
                   "-fmessage-length=0", "-fno-exceptions", "-fno-builtin",
                   "-ffunction-sections", "-fdata-sections", "-funsigned-char",
                   "-MMD", "-fno-delete-null-pointer-checks",
                   "-fomit-frame-pointer", "-Os"],
        "asm": ["-x", "assembler-with-cpp"],
        "c": ["-std=gnu99"],
        "cxx": ["-std=gnu++98", "-fno-rtti", "-Wvla"],
        "ld": ["-Wl,--gc-sections", "-Wl,--wrap,main", "-Wl,--wrap,_malloc_r",
               "-Wl,--wrap,_free_r", "-Wl,--wrap,_realloc_r", "-Wl,--wrap,_memalign_r",
               "-Wl,--wrap,_calloc_r", "-Wl,--wrap,exit", "-Wl,--wrap,atexit",
               "-Wl,-n"]
    },
    "ARMC6": {
        "common": ["-c", "--target=arm-arm-none-eabi", "-mthumb", "-Os",
                   "-Wno-armcc-pragma-push-pop", "-Wno-armcc-pragma-anon-unions",
                   "-DMULADDC_CANNOT_USE_R7", "-fdata-sections",
                   "-fno-exceptions", "-MMD"],
        "asm": [],
        "c": ["-D__ASSERT_MSG", "-std=gnu99"],
        "cxx": ["-fno-rtti", "-std=gnu++98"],
        "ld": ["--legacyalign", "--no_strict_wchar_size", "--no_strict_enum_size"]
    },
    "ARM": {
        "common": ["-c", "--gnu", "-Ospace", "--split_sections",
                   "--apcs=interwork", "--brief_diagnostics", "--restrict",
                   "--multibyte_chars", "-O3"],
        "asm": [],
        "c": ["--md", "--no_depend_system_headers", "--c99", "-D__ASSERT_MSG"],
        "cxx": ["--cpp", "--no_rtti", "--no_vla"],
        "ld": ["--show_full_path"]
    },
    "uARM": {
        "common": ["-c", "--gnu", "-Ospace", "--split_sections",
                   "--apcs=interwork", "--brief_diagnostics", "--restrict",
                   "--multibyte_chars", "-O3", "-D__MICROLIB",
                   "--library_type=microlib", "-DMBED_RTOS_SINGLE_THREAD"],
        "asm": [],
        "c": ["--md", "--no_depend_system_headers", "--c99", "-D__ASSERT_MSG"],
        "cxx": ["--cpp", "--no_rtti", "--no_vla"],
        "ld": ["--library_type=microlib"]
    },
    "IAR": {
        "common": [
            "--no_wrap_diagnostics", "-e",
            "--diag_suppress=Pa050,Pa084,Pa093,Pa082", "-Ohz", "--enable_restrict"],
        "asm": [],
        "c": ["--vla"],
        "cxx": ["--guard_calls", "--no_static_destruction"],
        "ld": ["--skip_dynamic_initialization", "--threaded_lib"]
    }
}
