{
    "macros": [
        "PAL_USER_DEFINED_CONFIGURATION=\"sotp_fs_config_MbedOS.h\"",
        "ARM_UC_USE_PAL_BLOCKDEVICE=1",
        "MBED_CLOUD_CLIENT_UPDATE_STORAGE=ARM_UCP_FLASHIAP_BLOCKDEVICE",
        "MBEDTLS_KEY_EXCHANGE_ECJPAKE_ENABLED",
        "MBEDTLS_ECJPAKE_C"
    ],
    "target_overrides": {
        "*": {
            "target.features_add": ["NANOSTACK"],
            "nanostack.configuration": "thread_router",
            "mbed-mesh-api.thread-config-channel": 22,
            "mbed-mesh-api.thread-config-panid": "0x0700",
            "platform.stdio-baud-rate": 115200,
            "platform.stdio-convert-newlines": true,
            "mbed-client.event-loop-size": 32768,
            "mbed-client.reconnection-count": 6,
            "mbed-client.dns-use-thread": 1,
            "mbed-client.sn-coap-blockwise-max-time-data-stored": 120,
            "mbed-trace.enable": null,
            "storage-selector.filesystem" : "FAT",
            "storage-selector.mount-point": "\"sd\"",
            "storage-selector.storage"    : "SD_CARD",
            "update-client.storage-address"  : "(1024*1024*64)",
            "update-client.storage-size"     : "(1024*1024*2)",
            "update-client.storage-locations": "1",
            "client_app.pal_dtls_peer_min_timeout": "10000"
        },
        "K64F": {
            "client_app.sotp-section-1-address": "(1016*1024)",
            "client_app.sotp-section-1-size"   : "(   4*1024)",
            "client_app.sotp-section-2-address": "(1020*1024)",
            "client_app.sotp-section-2-size"   : "(   4*1024)"
        },
        "NUCLEO_F429ZI": {
            "client_app.sotp-section-1-address": "(0x08000000+1792*1024)",
            "client_app.sotp-section-1-size"   : "(128*1024)",
            "client_app.sotp-section-2-address": "(0x08000000+1920*1024)",
            "client_app.sotp-section-2-size"   : "(128*1024)",
            "target.macros_add": ["ATMEL_SPI_MOSI=PB_5"]
        },
        "UBLOX_EVK_ODIN_W2": {
            "client_app.sotp-section-1-address": "(0x08000000+1792*1024)",
            "client_app.sotp-section-1-size"   : "(128*1024)",
            "client_app.sotp-section-2-address": "(0x08000000+1920*1024)",
            "client_app.sotp-section-2-size"   : "(128*1024)"
        }
    },
    "config": {
        "network-interface":{
            "value": "MESH_THREAD"
        },
        "mesh_radio_type": {
            "help": "options are ATMEL, MCR20, SPIRIT1",
            "value": "ATMEL"
        },
        "developer-mode": {
            "help": "Enable Developer mode to skip Factory enrollment",
            "value": 1
        },
        "button-pinname": {
            "help": "PinName for button.",
            "value": "BUTTON1"
        },
        "led-pinname": {
            "help": "PinName for led, which is attached to led blink resource.",
            "value": "LED_RED"
        }
    }
}
